Transcript,Turn,Failed Move,Clarify,Structure Placement,Side Placement,Overall Structure State,Group Agreement,Transcription
0,1,False,N/A,True,True,True,Disabled,"D3: I see that my bottom layer is empty, but I need a small orange block on the left, then a small green block next to it, and finally another small orange block on my far right.
D2: Let's start by placing a small yellow block in my bottom left corner. After that, we can add a green block next to it and finish with a small orange block on the right."
1,2,N/A,True,N/A,N/A,N/A,N/A,"D3: I see that my bottom layer still needs a small orange block in the bottom left corner. Let’s start by placing that first!
D2: Let's kick off by placing a small yellow block in my bottom left corner. Then we can add a small green block next to it and finish with a small orange block on the right."
2,3,N/A,True,N/A,N/A,N/A,N/A,"D3: My bottom layer still needs a small orange block on the left. Let's start by placing that orange block in my bottom left corner!
D1: It looks like my bottom layer still needs a small yellow block on the left. Let’s start by placing that there!"
3,4,False,N/A,False,False,False,Disabled,D1: I see my bottom layer needs a small yellow block in my bottom left corner. Let’s start by placing that there!
4,5,False,N/A,False,False,False,Disabled,"D2: I see my bottom left corner is empty, so let's start by placing a small yellow block there. After that, we can work on the green and orange blocks!
D3: My bottom layer is still missing a small orange block on the left and a small green block next to it. Let's start by placing that small orange block in my bottom left corner!"
